"code","name","unit","stock","deal","free","pur_deal","pur_free","cost","value","mrp","pur_rate","rate","company","manufact","rackno"
"P7478","ABZORB POWDER 120GM","POW","1","0","0","0","0","120.76","120.76","175","125","0","RANBAXY","9/6SACH ROUGH 8","A"
"ýKO5507","ABZORB POWDER 60GM","POW","2","0","0","0","0","73.215","146.43","91.88","75.79","0","ZZZZZZ 8973","",""
"ýKO2830","ACILOC 150 TAB 1*30","TAB","2.27","0","0","0","0","37.143","84.31","50.43","38.45","0","CADILA","",""
"ýKO2222","ACILOC 300 TAB 1*15","TAB","2.16","0","0","0","0","41.404","89.43","60","42.86","0","ZZZZZZ 6436","",""
"ýKO5697","AD OIL GROWMED 100ML","OIL","2","0","0","0","0","154.17","308.34","190","159.6","0","ZZZZZZ 9081","",""
"ýKO5698","AD OIL GROWMED 200ML","OIL","1","0","0","0","0","275.89","275.89","340","285.6","0","ZZZZZZ 9081","",""
"ýKO5009","AJUBI TAB 1*10","TAB.","3","0","0","0","0","12.002","36.01","22.5","11.43","0","ZZZZZZ 9625","",""
"ýKO5610","ALEX P SYP 1 PCS","SYP","3","0","0","0","0","83.6633","250.99","107.81","82.14","0","ZZZZZZ 9081","",""
"6268","ALEX SYP.(SUGAR FREE) 100ML","SYP","3","0","0","0","0","124.4133","373.24","169.02","128.79","0","ZZZZZZ 6436","","A"
"5126","ALEX SYP(SUGER FREE) 50ML","SYPS","3","0","0","0","0","112.39","337.17","159.43","113.87","0","GLENMARK","","A"
"ýKO5611","ALEX TAB 1*10","TAB.","3","0","0","0","0","89.01","267.03","129","92.14","0","ZZZZZZ 9081","",""
"T20724","ALLEGRA 120MG TAB 1*10","TAB","1.7","0","0","0","0","203.1","345.27","272.99","207.99","0","AVENTIS","",""
"T20723","ALLEGRA 180MG TAB 1*10","TAB","2","0","0","0","0","232.16","464.32","312.04","237.74","0","AVENTIS","23/10/12ROUGH 5","A"
"9764","ALLEGRA M TAB 1*10","TAB","3","0","0","0","0","224.163","672.49","301.3","229.56","0","SANOFI","AVAIL 3 STRIP","A"
"ýKO5011","ALLEGRA SYP 100ML","PCS","2","0","0","0","0","175.21","350.42","251.2","179.43","0","ZZZZZZ 9625","",""
"ýKO180","ALLOUT LIQUED 45 NIGHT PCS","PCS","1","0","0","0","0","67.39","67.39","85","65.49","0","GENERAL","","A"
"ýKO5694","ALMOX 250 CAP 1*15","CAPS","6","0","0","0","0","20.0033","120.02","38.43","19.05","0","ZZZZZZ 9081","",""
"T15687","ALPRAX 0.25MG TAB 1X6*15","TAB","5","0","0","0","0","29.8185","149.09","42.3","30.21","0","TORRENT","13/6/12ROUGH 10","A"
"T15688","ALPRAX 0.5MG TAB 1*15","TAB","5","0","0","0","0","61.1745","305.87","81.35","61.98","0","TORRENT","","A"
"GOO001","AMLOKIND 5 TAB 1*10","TAB","12","0","0","0","0","17.416","208.99","23.67","18.03","0","MANKIND","","A"
"ýKO5004","AMLOKIND AT TAB 1*15","TAB.","5","0","0","0","0","40.938","204.69","55.62","42.38","0","ZZZZZZ 9625","",""
"ýKO5653","AMRITANJAN BALM 9 GM","PCS","1","0","0","0","0","38","38","44","36.19","0","ZZZZZZ 9081","",""
"I1261","ANAFORTAN INJ 2ML 2ML","INJ","1","0","0","0","0","591.89","591.89","796.8","612.73","0","KHANDELWAL","",""
"7362","ANOVATE OINT 20GM","OINT","2","0","0","0","0","104.075","208.15","147.6","105.44","0","ZZZZZZ 6436","17/4/13OM DRUG6","A"
"S19518","APTIVATE SYP 200ML","SYP","2","0","0","0","0","128.085","256.17","186","132.59","0","LUPIN","","A"
"ýKO5703","ARCHITOL-6L INJ 6*1ML","INJ","1","0","0","0","0","374.41","374.41","508.73","387.6","0","ZZZZZZ 9081","",""
"ýKO5704","ARCHITOL NANO 1","INJ","1","0","0","0","0","318.31","318.31","461","329.51","0","ZZZZZZ 9081","",""
"21507","ARISTOZYME DROPS 15ML","PCS","2","0","0","0","0","54.985","109.97","79.7","56.92","0","KAPBRO","","A"
"S1404","ARISTOZYME SYP 200ML","SYP","2","0","0","0","0","111.775","223.55","151.87","115.71","0","ARISTO","9/11 LACHMI 5","A"
"ýKO5716","ARJUNARISTH-D 450ML","SYP","2","0","0","0","0","134.75","269.5","220","183.33","0","ZZZZZZ 9081","",""
"ýKO5715","ASHOKARISTH-D 1*450ML","PCS","2","0","0","0","0","107.18","214.36","175","145.83","0","ZZZZZZ 9081","",""
"1078148","ASHWAGANDHA CHURNA 60GM","TABS","2","0","0","0","0","92.575","185.15","115","95.83","0","DABUR","",""
"TT9994","A TO Z DROP 15ML","DROP","2","0","0","0","0","110.415","220.83","150","114.3","0","ALKEM","","A"
"ýKO5595","A TO Z GOLD CAP 1*30","CAPS","1","0","0","0","0","323.53","323.53","494","334.92","0","ZZZZZZ 9081","",""
"4663","A TO Z SYP 100ML","PSC","2","0","0","0","0","92.75","185.5","126","96.01","0","ALKEM","","A"
"ýKO2812","A TO Z SYP 200ML","SYP","2","0","0","0","0","151.28","302.56","205.55","156.61","0","ZZZZZZ 6436","",""
"T11823","A TO Z TAB 1*15","TAB","4.13","0","0","0","0","125.754","519.36","192","130.18","0","ALKEM","28/9/12ROUGH 10","A"
"ýKO5463","AUGMENTIN 625 1*10","TAB.","1","0","0","0","0","143.817","143.82","195.39","148.88","0","ZZZZZZ 8973","",""
"19168","AUGMENTIN DUO SYP 30ML","SYP","3","0","0","0","0","47.4133","142.24","64.42","49.08","0","GSK","",""
"T22226","AVAS 10MG TAB 1*30","TAB","2","0","0","0","0","117.24","234.48","170","121.37","0","MICRO LABS LTD.","18/1/13ROUG5,10","A"
"T22227","AVAS 20MG TAB 1*30","TAB","2","0","0","0","0","291.195","582.39","395.63","301.44","0","MICRO LABS LTD.","30/4/13AGARWAL6","A"
"1079929","AVAS 40 TAB 1*10","TAB","2","0","0","0","0","151.77","303.54","219.86","157.11","0","MICRO LABS LTD.","27/4/13AGARWAL4","A"
"T6675","AVIL 25MG 1X15","TAB","4","0","0","0","0","9.3465","37.39","13.25","9.47","0","AVENTIS","",""
"36T0989","AZEE 100 SYP 15ML","SYP","2","0","0","0","0","34.815","69.63","50.46","36.04","0","CIPLA","","A"
"3T00989","AZEE 200 SYP 15ML","SYP","2","0","0","0","0","40.2","80.4","58.28","41.62","0","CIPLA","","A"
"ýKO4421","AZEE 500 TAB 1*5","TAB","2","0","0","0","0","99.7521","199.5","134.28","103.26","0","CIPLA","",""
"A00018","BANDY PLUS SYP 10ML","PCS","2","0","0","0","0","31.115","62.23","42.27","32.21","0","MANKIND","","A"
"1009541","BANDY PLUS TAB 1*1","TAB","1","0","0","0","0","233.58","233.58","317.3","241.8","0","MANKIND","","A"
"1024734","BANDY SUSP 10ML","SYRP","3","0","0","0","0","14.0433","42.13","19.09","14.54","0","MANKIND","","A"
"A00094","BECOSULE CAP 1*20","CAP","2","0","0","0","0","48.628","97.26","67.14","50.34","0","ZZZZZZ 6436","19/10 ROUGH 60",""
"ýKO2217","BECOSULES PERFORMANCE 1*20","TAB","3","0","0","0","0","58.7505","176.25","66.53","49.89","0","ZZZZZZ 6436","",""
"ýKO5723","BELLI COOL SUSP 5ML*1","SUSP","12","0","0","0","0","21.945","263.34","55","22","0","ZZZZZZ 9081","",""
"6793","BELODONA PLASTER 1*20","PLAS","2","0","0","0","0","40.01","80.02","220","38.1","0","ZZZZZZ 6436","","B"
"ýKO5614","BENADRYL 150ML SYP 150ML","SYP","2","0","0","0","0","121.185","242.37","170","125.45","0","ZZZZZZ 9081","",""
"1037231","BENADRYL 50ML 50ML","SYRP","2","0","0","0","0","60.83","121.66","80","62.97","0","PFIZER","",""
"S27004","BETADINE GARGLE M/W 100ML","LIQU","3","0","0","0","0","230.4567","691.37","313.13","238.57","0","WIN MEDICARE LTD.","3/12 ROUGH 5",""
"ýKO5631","BETADINE LOTION 100ML","LOTI","3","0","0","0","0","81.2467","243.74","102.9","82.32","0","ZZZZZZ 9081","",""
"C27002","BETADINE OINTMENT 20GM","CRE","3","0","0","0","0","103.8","311.4","131.46","105.17","0","WIN MEDICARE LTD.","17/3/13 RAMAN 6",""
"P25075","BETADINE POWDER 10GM","POW","3","0","0","0","0","119.37","358.11","173","123.57","0","WIN MEDICARE LTD.","","A"
"C3499","BETNESOL-N E/DROP 5ML","DROP","2","0","0","0","0","16.985","33.97","22.59","17.21","0","GSK","",""
"1080734","BETNOVATE-C CREAM 30GM","CREA","5","0","0","0","0","53.758","268.79","73.03","55.65","0","GSK","","A"
"C3502","BETNOVATE-GM 20G","CRE","1","0","0","0","0","34.32","34.32","46.63","35.53","0","GSK","","A"
"1077919","BETNOVATE-N CREAM 20GM","CREM","4","0","0","0","0","46.126","184.5","62.67","47.75","0","GSK","","A"
"ýKO5598","BONNE SASTI 150ML 150ML","PCS","2","0","0","0","0","25","50","50","23.81","0","ZZZZZZ 9081","",""
"ýKO5597","BONNE SASTI 250ML 250ML","PCS","2","0","0","0","0","28","56","46","26.67","0","ZZZZZZ 9081","",""
"8205","BONNE TENDER CARE NIPPLE 1","PCS","1","0","0","0","0","80.95","80.95","225","80.95","0","ZZZZZZ 6436","","B"
"1037048","BORIC ACID 200GM","POWD","2","0","0","0","0","55","110","148.13","52.38","0","GENERAL","",""
"1007509","BORIC ACID IP 10 GM","POW","1","0","0","0","0","55","55","202.5","52.38","0","CHEM INDIA","",""
"JBO010","BOROLINE CREAM 21GM","GEL","5","0","0","0","0","34.9967","174.98","40","33.33","0","PHARMACEUTICS","","A"
"ýKO5605","BOROPLUS 19ML 19ML","PCS","5","0","0","0","0","37","185","42","35.24","0","ZZZZZZ 9081","",""
"PBO005","BOURNVITA 200GM 1*200","PCS","1","0","0","0","0","125.22","125.22","138","121.69","0","GENERAL","",""
"ýKO5550","BOURNVITA 500G","POW","2","0","0","0","0","238.66","477.32","263","231.94","0","ZZZZZZ 8973","",""
"T4675","BRUFEN 200MG TAB 1X15","TAB","4","0","0","0","0","8.3145","33.26","11.3","8.61","0","KNOLL","",""
"T4676","BRUFEN 400MG 1X15","TAB","3","0","0","0","0","18.84","56.52","25.59","19.5","0","KNOLL","",""
"T4677","BRUFEN 600MG 1X15","TAB","3","0","0","0","0","29.244","87.73","42.38","30.27","0","KNOLL","",""
"ýKO5604","BURNOL OINT 15GM 15GM","OINT","3","0","0","0","0","58.1233","174.37","80","60.17","0","ZZZZZZ 9081","",""
"L3685","CALADRYL LOTION 1X65ML","LOTI","2","0","0","0","0","60.785","121.57","75","61.59","0","PFIZER","",""
"ýKO5638","CALPOL 120MG SYP 120MG","SYP","3","0","0","0","0","27.8233","83.47","37.8","28.8","0","ZZZZZZ 9081","",""
"S10789","CALPOL 250 SYP 60ML","SYP","3","0","0","0","0","31.53","94.59","42.84","32.64","0","GSK","","A"
"ýKO5639","CALPOL 650MG TAB 1*10","TAB.","5.5","0","0","0","0","23.58","129.69","32.04","24.41","0","ZZZZZZ 9081","",""
"4727","CALPOL DROP 1*15ML","DROP","2","0","0","0","0","23.295","46.59","30.98","23.6","0","GSK","","A"
"1078807","CANDID POWDER 100GM","POW","1","0","0","0","0","128.07","128.07","174","132.58","0","GLENMARK","",""
"ýKO5686","CASTOR OIL 30 ML 1*6","PCS","1","0","0","0","0","89.9898","89.99","250","85.71","0","ZZZZZZ 9081","",""
"ýKO5667","CETRIZINE SYP (GENERIC) 30ML","PCS","2","0","0","0","0","10","20","20.01","9.52","0","ZZZZZZ 9081","",""
"ýKO5643","CHESTON COLD SYP 60ML","SYP","3","0","0","0","0","36.0033","108.01","72","34.29","0","ZZZZZZ 9081","",""
"1080731","CHESTON COLD TAB 1X10","TAB","22.3","0","0","0","0","17.997","401.33","65.79","17.14","0","PROTEC","","A"
"T19586","CHESTON CS SYP 60ML","LIQ","6","0","0","0","0","34.9967","209.98","72","33.33","43.37","PROTEC","",""
"ýKO5599","CHYANPRASH SF 1KG 1KG","PCS","1","0","0","0","0","380","380","440","361.9","0","ZZZZZZ 9081","",""
"6745","CHYAWANPRAKASH 500GM 500GM","PC","2","0","0","0","0","191.995","383.99","240","228.57","0","ZZZZZZ 6436","","C"
"186","CHYAWANPRAKASH S/F (DABUR) 500GM","TAB","1","0","0","0","0","215","215","275","204.76","0","DABUR","",""
"1023832","CINKARA SYP 500ML","SYP","2","0","0","0","0","120","240","154.65","114.29","0","HAMDARD","",""
"T26100","CIPCAL 500 TAB 1X15","TAB","20","0","0","0","0","17.997","359.94","98.12","17.14","0","CIPLA","",""
"1024990","CIPLADINE CREAM 10GM","CREM","11","0","0","0","0","21","231","35.15","20","0","CIPLA GENRICS","","A"
"ýKO5156","CIPLADINE PWD 10GM","PCS","3","0","0","0","0","25.0033","75.01","90.03","23.81","0","ZZZZZZ 9625","",""
"T8985","CIPLOX 500MG 1X10","TAB","6","0","0","0","0","34.362","206.17","48.38","35.57","0","CIPLA","","A"
"D23378","CIPLOX D E/D 5ML","DRP","8","0","0","0","0","20.142","161.14","27.37","20.85","0","CIPLA","","A"
"6895","CIPLOX E/D 5ML","DROP","10","0","0","0","0","12.935","129.35","17.58","13.39","0","ZZZZZZ 6436","","C"
"T13884","CLAVAM 625 TAB 1X10","TAB","2.6","0","0","0","0","143.87","374.06","195.97","148.93","0","ALKEM","","A"
"S13890","CLAVAM SYP 30ML","SYP","3","0","0","0","0","48.4533","145.36","65.84","50.16","0","ALKEM","","A"
"3361","CLONAFIT 0.25 TAB 1X10","TAB","2","0","0","0","0","16.14","32.28","21.46","16.35","0","MANKIND","","1"
"5300","CLONAFIT-0.50 TAB 1X10","TABS","2","0","0","0","0","27.705","55.41","36.84","28.07","0","MANKIND","","A"
"A00043","CLONAFIT PLUS TAB 1X10","TAB","2","0","0","0","0","127.95","255.9","170.15","129.64","0","MANKIND","","A"
"1080287","CLOP G CREAM 25GM","CREA","2","0","0","0","0","33.37","66.74","44.37","33.81","0","LIVA HEALTHCARE LTD","",""
"1006764","COFDEX SYP 100ML","SYP","1","0","0","0","0","29.998","30","108.29","28.57","0","CIPLA GENRICS","",""
"1001695","COFTON EXP 100ML","SYP","5","0","0","0","0","25.002","125.01","91.35","23.81","0","CIPLA GENRICS","",""
"ýKO5684","COLGATE STRONG PASTE 100GM","PCS","2","0","0","0","0","69.09","138.18","70","65.8","0","ZZZZZZ 9081","",""
"S10581","COMBIFLAM SYP 60ML","SYP","3","0","0","0","0","34.64","103.92","49.15","35.1","0","AVENTIS","","A"
"ýKO5628","COMBIFLAM TAB 1*15","TAB.","3","0","0","0","0","39.2767","117.83","55.71","39.79","0","ZZZZZZ 9081","",""
"ýKO5252","COMPLAN 200 200GM","BOTT","1","0","0","0","0","120.01","120.01","146","114.29","0","ZZZZZZ 9625","",""
"ýKO5699","COMPLAN (C) 450GM","BOTT","1","0","0","0","0","260","260","315","247.62","0","ZZZZZZ 9081","",""
"ýKO5695","CORN CAP 1*4","CAPS","5","0","0","0","0","5.994","29.97","40","5.71","0","ZZZZZZ 9081","",""
"9432","CROCIN ADVANCE TAB 1*15","TAB","3","0","0","0","0","16.0035","48.01","19.31","15.24","0","ZZZZZZ 6436","","C"
"S4962","CROCIN DROPS 15ML","DROP","2","0","0","0","0","28.75","57.5","37.5","29.76","0","GSK","25/10 ROUGH 10","A"
"1080524","CROCIN DS SYP 60ML","SYP","2","0","0","0","0","54.905","109.81","71.62","56.84","0","GSK","","A"
"1080521","CROCIN SYP 60ML","SYP","2","0","0","0","0","29.97","59.94","39.06","31.02","0","GSK","19/10 ROUGH 20","A"
"D17367","CYPON DROP 15ML","DRP","2","0","0","0","0","50.72","101.44","68.9","52.5","0","GENO PHARMA LTD","",""
"S17366","CYPON SYP 200ML","SYP","2","0","0","0","0","102.815","205.63","139.69","106.43","0","GENO PHARMA LTD","","A"
"2496","CYRA D CAP 1X10","CAP","1.6","0","0","0","0","35.195","56.31","47.81","36.43","0","SYSTOPIC","5/2/13KUNDAN 10","A"
"9772","D3 MUST DROP 15ML","DROP","1","0","0","0","0","30.78","30.78","41.81","31.86","0","ZZZZZZ 6436","","D"
"ýKO5717","DASMULAKWATH-D 1*450ML","SYP","2","0","0","0","0","148.23","296.46","242","201.67","0","ZZZZZZ 9081","",""
"1035743","DASMULARISTRA SYP DABUR 450ML","SYRP","2","0","0","0","0","131.69","263.38","215","179.17","0","AYURVED VIKAS SANSTHAN","",""
"ýKO5692","D CLOVE OIL 2 ML","PCS","5","0","0","0","0","26.692","133.46","50","25.42","0","ZZZZZZ 9081","",""
"ýKO5609","DENIM TAB(GENE) BOX","PCS","1","0","0","0","0","29.99","29.99","187.5","28.57","0","ZZZZZZ 9081","",""
"ýKO747","DERMICOOL REGULAR POWDER 150GM","PCS","2","0","0","0","0","125","250","149.06","119.05","0","PARAS PHARMA","",""
"ýKO5625","DETTOL 125ML 125ML","PCS","1","0","0","0","0","71.9967","72","83.03","68.57","0","ZZZZZZ 9081","",""
"ýKO5626","DETTOL 200ML 200ML","PCS","3","0","0","0","0","130.0033","390.01","144.93","123.81","0","ZZZZZZ 9081","",""
"7595","DETTOL 500ML","LIQ","1","0","0","0","0","244.99","244.99","284","233.33","247.56","RECKITT BENCKISER","",""
"ADE008","DETTOL 60ML","LIQU","5","0","0","0","0","36.0033","180.02","41.49","34.29","0","RECKITT BENCKISER","",""
"6835","DETTOL SOAP ORIGINAL 70GM","PCS","2","0","0","0","0","150","300","149.49","142.86","0","ZZZZZZ 6436","","D"
"8693","DEXIN E/D 5ML","E/D","1","0","0","0","0","16.42","16.42","22.3","17","0","ZZZZZZ 6436","","D"
"S18103","DEXORANGE SYP 200ML","SYP","2","0","0","0","0","140","280","211","133.33","0","FRANCO INDIAN PHARMA","25/10 ROUGH 5","A"
"ýKO5600","D GULABARI 30ML 30ML","PCS","6","0","0","0","0","12.4533","74.72","16","11.86","0","ZZZZZZ 9081","",""
"ýKO5657","D H ANARDANA BOTTEL 120 TAB","TAB.","1","0","0","0","0","57.76","57.76","65","55","0","ZZZZZZ 9081","",""
"ýKO5658","D H CANDY JAR 260 T","TAB.","1","0","0","0","0","100","100","121.49","95.24","0","ZZZZZZ 9081","",""
"ýKO5659","DH IMLI BOTTLE 120T","TAB.","2","0","0","0","0","58","116","65","55.24","0","ZZZZZZ 9081","",""
"ýKO5661","D HINGOLI BOTTEL 90T","TAB.","1","0","0","0","0","37.99","37.99","42","36.19","0","ZZZZZZ 9081","",""
"ýKO5660","DH REG BOTTLE 120T","TAB.","1","0","0","0","0","58","58","65","55.24","0","ZZZZZZ 9081","",""
"ýKO5601","DH REG JAAR 160P/C","PCS","1","0","0","0","0","145","145","159","138.1","0","ZZZZZZ 9081","",""
"TDI242","DICLO PLUS TAB 200","TAB","198","0","0","0","0","0.6405","126.82","2.34","0.61","0","GENERAL","",""
"4621","DIGENE GEL MINT 170ML","SYP","2","0","0","0","0","135.92","271.84","192.8","137.71","0","ABBOTT LABS INDIA PVT. LTD.","",""
"ýKO5594","DIGENE TAB(M) 1","TAB.","30","0","0","0","0","22.6323","678.97","30.1","22.93","0","ZZZZZZ 9081","",""
"ýKO5696","DIPEAL-M TAB 1 BOX","TAB.","1","0","0","0","0","89.99","89.99","281.25","85.71","0","ZZZZZZ 9081","",""
"T4572","DISPRIN TAB 1*10","TAB","30","0","0","0","0","6.096","182.88","7.08","5.8","0","RECKITT BENCKISER","","A"
"ýKO5616","DOLO120 SYP 120ML","SYPT","3","0","0","0","0","28.2933","84.88","38.43","29.29","0","ZZZZZZ 9081","",""
"ýKO5617","DOLO 250 SYP 60ML","SYP","3","0","0","0","0","31.52","94.56","42.8","32.63","0","ZZZZZZ 9081","",""
"6306","DOLO 650 TAB 1*15","TAB","27.14","0","0","0","0","23.628","641.26","34.27","24.46","0","MICRO LABS LTD.","6/3/13 ROUGH 30","D"
"5736","DOLO DROPS 1X15ML","DROP","2","0","0","0","0","22.765","45.53","30.94","23.57","0","ZZZZZZ 6436","","A"
"ýKO5663","DOXT SL TAB 1*10","TAB.","10","0","0","0","0","100.918","1009.18","146.25","104.47","0","ZZZZZZ 9081","",""
"ýKO5085","DR ORTHO OIL 120ML","PCS","1","0","0","0","0","239.99","239.99","295","228.57","0","ZZZZZZ 9625","",""
"ýKO5086","DR ORTHO OIL 60ML","PCS","1","0","0","0","0","115","115","148.13","109.52","0","ZZZZZZ 9625","",""
"ýKO1989","DULCOFLEX TAB 1*10","TAB","7","0","0","0","0","44.03","308.21","55.77","44.61","0","ZZZZZZ 6436","",""
"ýKO3702","DUPHALAC SYP 150ML","SYP","2","0","0","0","0","144.9","289.8","196.87","150","0","ZZZZZZ 9548","",""
"ýKO5649","DUREX 3PC EXTRA TIME 3PC","PCS","10","0","0","0","0","68.25","682.5","90","65","0","ZZZZZZ 9081","",""
"ýKO5650","DUREX CONDOM 10PC","PCS","5","0","0","0","0","220.5","1102.5","324","210","0","ZZZZZZ 9081","",""
"9821","DYNAPAR INJ 1ML","PCS","10","0","0","0","0","30.053","300.53","43.56","31.11","0","ZZZZZZ 6436","","D"
"T4573","ECOSPRIN 75MG TAB 1*14","TAB","24","0","0","0","0","4.375","105","5.29","4.34","0","USV LTD.","","A"
"8913","ELECTRAL ORANGE LIQ. 200ML","LIQ","10","0","0","0","0","23.688","236.88","31.5","24","0","ZZZZZZ 6436","","E"
"1081708","ELECTRAL POWDER 21.8GM","POW","26","0","0","0","0","23.4063","608.56","23.05","17.56","0","FDC","13/1/13ROUGH 75","A"
"T11813","ELTROXIN 100MCG 1*100","TAB","1","0","0","0","0","124.28","124.28","180.1","128.65","0","GSK","","A"
"ýKO5671","ELTROXIN 50MG 1*60","TAB.","1","0","0","0","0","83.94","83.94","114.03","86.89","0","ZZZZZZ 9081","",""
"ýKO5651","EMSET 4MG 1*10","TAB.","5","0","0","0","0","39.732","198.66","53.96","41.13","0","ZZZZZZ 9081","",""
"ýKO5724","ENDCORT-6 TAB 1*10","TAB.","9.6","0","0","0","0","51.87","497.95","121.88","52","0","ZZZZZZ 9081","",""
"4705","ENERZAL POWDER 75GM","PWD","15","0","0","0","0","32.788","491.82","49","33.22","0","FDC","30/6/12ROUGH 20",""
"ýKO5720","ENERZAL POWDER ORANGE SMALL 75GM","POW","10","0","0","0","0","39.663","396.63","53.9","41.06","0","ZZZZZZ 9081","",""
"2590","ENTEROGERMINA VIAL 10X5ML","CAP","6","0","0","0","0","56.062","336.37","79.6","56.8","0","TORRENT","23/1/13ROUGH 10","A"
"1023591","ENTRO*QUINOL TAB 1*20","TAB","2.1","0","0","0","0","41.414","86.97","60","42.87","0","ZZZZZZ 6470","",""
"1005603","EVION 400MG CAP 1*20","CAP","8","0","0","0","0","66.789","534.31","89.57","68.25","0","E MERCK","17/3/12ROUGH 20","A"
"ýKO5708","FEBRINIL AMPOULE 1","INJ","10","0","0","0","0","16.943","169.43","24.55","17.54","0","ZZZZZZ 9081","",""
"1082020","FIGARO OLIVE OIL 100ML","OIL","2","0","0","0","0","180.01","360.02","225","214.3","0","ZZZZZZ 6436","",""
"JFI001","FIGARO OLIVE OIL 200ML","PCS","1","0","0","0","0","319.23","319.23","399","380.04","0","COSMETICS ITEMS","",""
"JCOS667","FOURDERM CREAM 10GM","CREA","2","0","0","0","0","25.0033","50.01","117.97","23.81","0","CIPLA","",""
"ýKO5644","FOURDREM 20GM 20GM","CREM","3","0","0","0","0","45","135","184","42.86","0","ZZZZZZ 9081","",""
"ýKO5232","GASO FAST SACHET 1*1","PCS","99","0","0","0","0","6.6267","656.04","10","6.86","0","ZZZZZZ 9625","",""
"ýKO5606","G-CET(CETIZE) TAB 1*10","TAB.","48","0","0","0","0","1.092","52.42","19.38","1.04","0","ZZZZZZ 9081","",""
"1080332","GLIMESTAR-M1 TAB 1*10","TAB","6","0","0","0","0","82.688","496.13","112.35","85.6","0","MANKIND","","A"
"4303","GLIMSTAR M2 1*10","TAB","6","0","0","0","0","119.042","714.25","161.71","123.23","0","MANKIND","",""
"ýKO5067","GLUCON C 100GM 1*1","PCS","1","0","0","0","0","39.86","39.86","56.05","47.45","0","ZZZZZZ 9625","",""
"ýKO5633","GLUCON C 1KG","PCS","2","0","0","0","0","295.3","590.6","369.28","351.55","0","ZZZZZZ 9081","",""
"ýKO5634","GLUCON C 500GM 500GM","PCS","1","0","0","0","0","155.89","155.89","219.1","185.59","0","ZZZZZZ 9081","",""
"ýKO5065","GLUCON D 100GM","PCS","2","0","0","0","0","28.48","56.96","35.59","33.9","0","ZZZZZZ 9625","",""
"ýKO5066","GLUCON D 200GM 200GM","PCS","2","0","0","0","0","63.2","126.4","79","75.24","0","ZZZZZZ 9625","",""
"ýKO5635","GLUCON D  GREEN 500GM 500GM","POW","2","0","0","0","0","99.67","199.34","124.58","118.65","0","ZZZZZZ 9081","",""
"ýKO5608","GLYCERINE 50ML (NEUROCHEM)","PCS","5","0","0","0","0","13.9967","69.98","60","13.33","0","ZZZZZZ 9081","",""
"T19941","GLYNASE MF TAB 1*10","TAB","5","0","0","0","0","15.642","78.21","20.81","15.85","0","USV LTD.","","A"
"ýKO5722","GOOD NIGHT ADVANCE REFILL 45ML","LIQ","1","0","0","0","0","67.39","67.39","85","65.49","0","ZZZZZZ 9081","",""
"S7117","GRILINCTUS-BM 2.5+8MG/5ML 30  ML","SYP","2","0","0","0","0","43.865","87.73","59.6","45.41","0","FRANCO INDIAN PHARMA","",""
"S7116","GRILINCTUS-DX SYP 100ML","SYP","1","0","0","0","0","96.935","96.94","152.2","100.34","0","WARDEX PHARMA.","3/12 THE MALIK5","A"
"ýKO5641","GRILINCTUS LS SYP 100ML","SYP","2","0","0","0","0","100.68","201.36","145.92","104.23","0","ZZZZZZ 9081","",""
"ýKO4710","GRILINCTUS L SYP 100ML","SYP","2","0","0","0","0","118.275","236.55","160.7","122.44","0","DR. REDDY'S","",""
"ýKO5642","GRILINTUS DX SYP 100ML","SYP","2","0","0","0","0","105.015","210.03","142.65","108.71","0","ZZZZZZ 9081","",""
"7GR0001","GRIPE WATER (WOOD WORDS) 1*300ML","PCS","2","0","0","0","0","45","90","60","42.86","0","COSMETICS ITEMS","",""
"C24697","HADENSA OINT. 20GM","CRE","2","0","0","0","0","72.45","144.9","98","75","0","DOLLAR","",""
"ýKO5636","HANSAPLAST PLAIN 100PC","PCS","95","0","0","0","0","1.491","141.65","2.5","1.42","0","ZZZZZZ 9081","",""
"6891","HANSAPLAST W.P.500 1*12","STRP","10","0","0","0","0","12.5","125","24","11.9","0","ZZZZZZ 6436","","H"
"ýKO5701","HARBOLAX TAB 1*100","TAB.","1","0","0","0","0","161.93","161.93","220","167.62","0","ZZZZZZ 9081","",""
"JHA005","HAZMOLA CANDY","PCS","1","0","0","0","0","100.88","100.88","121.49","100.61","0","COSMETICS ITEMS","",""
"ýKO5682","HAZMOLA JAR IMLI 170N*4","PCS","1","0","0","0","0","134","134","158.87","131.57","0","ZZZZZZ 9081","",""
"ýKO5680","HAZMOLA JAR REG 170N*4","PCS","2","0","0","0","0","134","268","158.87","131.57","0","ZZZZZZ 9081","",""
"ýKO5714","HEAD N SHO. 1*75ML","PCS","2","0","0","0","0","78.49","156.98","89","77.06","0","ZZZZZZ 9081","",""
"JHE005","HEAD & SHO.ANTI HAIR FALL 180ML","SHAM","2","0","0","0","0","207.225","414.45","235","203.46","0","GENERAL","",""
"1021097","HEPTAGLOBIN SYP 300ML","SYP","2","0","0","0","0","180.02","360.04","255","180","0","RAPTAKOS","",""
"1024803","HEXIDINE M/W 160ML","MOUT","1","0","0","0","0","101.44","101.44","145.42","103.87","0","ICPA","",""
"1024830","HEXIDINE M/W 80ML","MOUT","2","0","0","0","0","55.09","110.18","74.05","56.42","0","ICPA","",""
"ýKO5709","HIMALAYA FACE WASH 50ML","PCS","3","0","0","0","0","57.6833","173.05","90","76.3","0","ZZZZZZ 9081","",""
"ýKO5672","H-LIPBALM 1*22","PCS","17","0","0","0","0","19.0891","324.51","20","18.18","0","ZZZZZZ 9081","",""
"DAB04","HONEY BOTTLE (DABUR) 100GM 100GM","BOTT","4","0","0","0","0","52.38","209.52","70","52.38","0","DABUR","",""
"ýKO5602","HONEY BOTTLE(DABUR)250GM 250GM","BOT","3","0","0","0","0","105","315","125","100","0","ZZZZZZ 9081","",""
"DAB05","HONEY BOTTLE(DABUR) 50GM 1*50GM","BOTT","4","0","0","0","0","35.24","140.96","45","35.24","0","DABUR","",""
"S21090","HONITUS COUGH SYP 100ML","SYP","1","0","0","0","0","84.9967","85","121","80.95","0","DABUR","","A"
"ýKO5679","HONITUS TOFFY 300N*2.2G","PCS","1","0","0","0","0","186.9","186.9","280.35","222.5","0","ZZZZZZ 9081","",""
"JHO021","HORLICKS CHOCLATE 200GM 200GM","PCS","1","0","0","0","0","95","95","110","90.48","0","GSK","",""
"8500","HORLICKS CHOCLATE 500GM 500GM","PCS","1","0","0","0","0","194.99","194.99","229","185.71","0","ZZZZZZ 6436","","H"
"S10632","IBUGESIC PLUS SYP 60ML","SYP","2","0","0","0","0","32.91","65.82","44.72","34.07","0","CIPLA","","A"
"ýKO5637","IBUGESIC PLUS TAB 1*20","TAB.","3.2","0","0","0","0","27.753","88.81","40.24","28.73","0","ZZZZZZ 9081","",""
"1008438","INTAGESIC-MR 1X10","TAB","2","0","0","0","0","16","32","105.94","15.24","0","INTAS GENRIC","",""
"ýKO5613","IODEX 16GM 16GM","PCS","2","0","0","0","0","75","150","90","71.43","0","ZZZZZZ 9081","",""
"ýKO5612","IODEX(S) 8GM","PCS","2","0","0","0","0","40.01","80.02","45","38.1","0","ZZZZZZ 9081","",""
"ýKO867","I-PILL 1TAB","TAB","5","0","0","0","0","65.1","325.5","76.66","62","0","CIPLA","",""
"D21833","ITONE E/D 10ML","DRP","2","0","0","0","0","48.6533","97.31","64.69","49.29","0","DEY'S(9450754827P.P.MUKHERJEE)","",""
"ýKO5726","JENCAL TAB 1*10","TAB.","9.6","0","0","0","0","21.946","210.68","83","22","0","ZZZZZZ 9081","",""
"ýKO5645","JYOCAL EYE CAP 1 BOX","PCS","1","0","0","0","0","45","45","234.38","42.86","0","ZZZZZZ 9081","",""
"ýKO5128","KAYAM CHURNA 50GM 1*1","PCS","2","0","0","0","0","50","100","63","47.62","0","ZZZZZZ 9625","",""
"ýKO4245","KETOROL DT TAB 1X15","TAB","1.13","0","0","0","0","137.4705","155.34","182.78","139.28","0","ZZZZZZ 6436","",""
"KRA001","KRACK SR CREAM 15GM","CREA","6","0","0","0","0","50","300","61.88","47.62","0","PARAS PHARMA","",""
"ýKO5607","KUFFDRYL SYP 100ML","SYP","1","0","0","0","0","15.0033","15","119","14.29","0","ZZZZZZ 9081","",""
"6983","LACTOGEN 1 400GM","PCS","2","0","0","0","0","403.66","807.32","440","384.44","0","ZZZZZZ 6436","","L"
"4866","LACTOGEN 2 400GM","pwd","1","0","0","0","0","403.66","403.66","440","384.44","0","NESTLE","",""
"4867","LACTOGEN 3 400GM","pwd","1","0","0","0","0","399.07","399.07","435","380.07","0","NESTLE","",""
"7816","LACTOGEN 4 400GM","PCS","1","0","0","0","0","399.12","399.12","435","380.12","0","ZZZZZZ 6436","","L"
"1037634","LAVANA BHASKAR CHURNA 60GM","POWD","2","0","0","0","0","68.425","136.85","85","70.83","0","DABUR","",""
"ýKO5718","LAVAN BHASKAR CHURNA 30GM","POW","2","0","0","0","0","36.23","72.46","45","37.5","0","ZZZZZZ 9081","",""
"R25298","LCZ TAB 1*10","TAB","5","0","0","0","0","35.712","178.56","48.5","36.97","0","SANTE VISION (HEALTHCARE)","28/4/12ROUGH 20","A"
"6321","LIMCEE TAB 1*15","TAB","3","0","0","0","0","20.0025","60.01","24.68","19.05","0","ZZZZZZ 6436","","L"
"1081712","LISTERINE COOL MINT MOUTH WASH 250ML","M/W","2","0","0","0","0","155","310","164.62","147.62","0","PFIZER","",""
"M18040","LISTERINE MOUTH WASH 85ML","MOW","2","0","0","0","0","57.83","115.66","75","55.08","0","PARKE-DAVIS","",""
"ýKO5591","LIV-52 100ML DROP 100ML","DROP","2","0","0","0","0","124.195","248.39","168.75","128.57","0","ZZZZZZ 9081","",""
"D16453","LIV-52 DROPS 1*60ML","DRP","2","0","0","0","0","106.72","213.44","155","110.48","0","HIMALAYA DRUGS","",""
"ýKO4438","LIV 52 DS SYP 200ML","SYP","4","0","0","0","0","172.22","688.88","250.01","178.28","0","ZZZZZZ 6436","",""
"ýKO708","LIV 52 DS SYRUP 100ML","PCS","4","0","0","0","0","103.035","412.14","150","106.66","0","HIMALAYA DRUGS","","A"
"T16455","LIV-52 DS TAB 1*60","TAB","1","0","0","0","0","206.82","206.82","281","214.1","0","HIMALAYA DRUGS","","A"
"T16450","LIV-52 TAB 1*100","TAB","2","0","0","0","0","161.92","323.84","220","167.62","0","HIMALAYA DRUGS","","A"
"ýKO5102","LOHASAV DABUR 450ML","PCS","2","0","0","0","0","168.515","337.03","214","178.33","0","ZZZZZZ 9625","",""
"ýKO5624","LOMOFEN PLUS TAB 1*20","TAB.","4.16","0","0","0","0","35.666","148.37","51.68","36.92","0","ZZZZZZ 9081","",""
"T945","LOMOTIL TAB 1*10","TAB","3","0","0","0","0","22.627","67.88","30.74","23.42","0","RPG LIFESCIENCE (SEARLE)","","A"
"T958","LOPAMIDE TAB 1*10","TAB","5","0","0","0","0","17.964","89.82","23.89","18.2","0","TORRENT","SURAJ EXP 37ST",""
"4305","MANFORCE 100MG TAB 1*4","TAB","1.3","0","0","0","0","25","32.5","260","23.81","0","MANKIND","","A"
"1002830","MANFORCE 50MG TAB 1X9","TAB","3","0","0","0","0","28.0035","84.01","300","26.67","0","MANKIND","","A"
"ýKO5648","MEFKIND DS SYP 60ML","SYP","3","0","0","0","0","42.09","126.27","57.18","43.57","0","ZZZZZZ 9081","",""
"7687","MEFKIND FORTE SYP. 60ML","SYP.","3","0","0","0","0","46.23","138.69","62.81","47.86","0","ZZZZZZ 6436","","M"
"S22822","MEFTAL-P SYP 60ML","SYP","2","0","0","0","0","25.535","51.07","37","26.43","0","BLUE CROSS","",""
"9873","MEFTAL SPAS SYP 30ML","SYP","3","0","0","0","0","69.02","207.06","93.75","71.45","0","ZZZZZZ 6436","","M"
"ýKO5596","MEFTAL SPAS TAB 1*10","TAB.","56","0","0","0","0","3.7673","210.97","5.55","3.9","0","ZZZZZZ 9081","",""
"I5006","METACIN DROP 15ML","DROP","2","0","0","0","0","37.605","75.21","50","38.1","0","THEMIS","","A"
"S5005","METACIN SYP 60ML","SYP","2","0","0","0","0","29.37","58.74","39.06","29.76","0","THEMIS","",""
"ýKO5666","METFOR 500 TAB 1*30","TAB.","3","0","0","0","0","15.0033","45.01","35.96","14.29","0","ZZZZZZ 9081","",""
"6971","METOSARTAN 50 TAB 1*10","TAB","1","0","0","0","0","153.18","153.18","208.13","158.57","0","SUN","","m"
"T23223","METROGYL 200MG TAB 1*10","TAB","5","0","0","0","0","14.107","70.54","17.41","14.29","0","UNIQUE","",""
"ýKO1043","METROGYL 400 TAB 1*10","TAB","4.6","0","0","0","0","26.68","122.73","34.72","26.75","0","J.B. CHEMICALS","","M"
"ýKO3483","METROGYL SYP 60ML","SYP","5","0","0","0","0","26.7833","133.92","35.26","27.14","0","UNIQUE","",""
"ýKO5592","MF CONDOM 1*10","PCS","10","0","0","0","0","54.6","546","99","52","0","ZZZZZZ 9081","",""
"ýKO5593","MF CONDOM 3PCS SUNNY EDITION PCS","PCS","5","0","0","0","0","18.376","91.88","30","17.5","0","ZZZZZZ 9081","",""
"T12734","MONOCEF O 100 MG 1*10","TAB","2","0","0","0","0","113.16","226.32","153.75","117.14","141.54","ARISTO","","A"
"D12737","MONOCEF O 100MG SYP. 30ML","SYP","2","0","0","0","0","144.9","289.8","210","150","0","ARISTO","9/11 LACHMI 5","A"
"T12735","MONOCEF O 200 TAB 1*10","TAB","2","0","0","0","0","158.7","317.4","215.62","164.28","0","ARISTO","","A"
"ýKO5691","MONOCEF O 50 SYP 1","PCS","2","0","0","0","0","89.7","179.4","130","92.86","0","ZZZZZZ 9081","",""
"ýKO990","MONTAIR LC TAB 1*15","TAB","2.7","0","0","0","0","308.967","834.21","419.79","319.84","0","CIPLA","18/3NATIONAL 12","A"
"ýKO5727","MONTIMED-LC TAB 1*10","TAB.","10","0","0","0","0","38.902","389.02","92.81","39","0","ZZZZZZ 9081","",""
"ýKO5587","MOOV 10GM 10GM","CREM","3","0","0","0","0","55","165","68","52.38","0","ZZZZZZ 9081","",""
"ýKO5588","MOOV20GM 20GM","CREM","2","0","0","0","0","96.0033","192.01","121","91.43","0","ZZZZZZ 9081","",""
"ýKO5183","MOOV SPRAY 15GM","PCS","2","0","0","0","0","82.01","164.02","99","78.1","0","ZZZZZZ 9625","",""
"ýKO134","MOOV SPRAY 35GM","PCS","2","0","0","0","0","155","310","186","147.62","0","GENERAL","",""
"ýKO3752","MOXIKIND CV 625 TAB 1*10","TAB","3","0","0","0","0","134.66","403.98","182.96","139.4","0","MANKIND","",""
"D17576","MYCIN EYE DROP 5ML","DRP","2","0","0","0","0","49.37","98.74","65.63","50.02","0","SYNTHO PHARMA","","A"
"7514","MYCODERM-C POWDER 75G","POW","1","0","0","0","0","90.15","90.15","122.48","93.31","0","FDC","","A"
"ýKO3933","MYCODERM PWD 100GM","PWD","1","0","0","0","0","106.52","106.52","144.7","110.26","0","ZZZZZZ 6436","",""
"1081268","NAPROSYN 250 TAB 1*15","TAB","3","0","0","0","0","72.573","217.72","98.61","75.13","0","RPG LIFESCIENCE (SEARLE)","","A"
"T4881","NAPROSYN 500 TAB 1*15","TAB","3","0","0","0","0","101.9595","305.88","147.77","105.55","0","RPG LIFESCIENCE (SEARLE)","","A"
"1036585","NASIVION ADULT NASAL 0.05% 10ML","DROP","2","0","0","0","0","82.74","165.48","112.41","85.65","0","E MERCK","31/3/13AGARWA10","A"
"1022613","NASIVION PED.DROP 0.25% 10ML","DROP","2","0","0","0","0","73.88","147.76","100.38","76.48","0","E MERCK","",""
"ýKO5706","NASOCLEAR N/D 1","DROP","3","0","0","0","0","48.8433","146.53","66.36","50.56","0","ZZZZZZ 9081","",""
"1082533","NAXDOM 250 TAB 1*10","TAB","1","0","0","0","0","87.2","87.2","117.19","89.29","0","SUN","","A"
"1022328","NAYAN JYOTI 1*1","DROP","3","0","0","0","0","29.9967","89.99","45","28.57","0","AYURVED VIKAS SANSTHAN","4/7/12 ROUGH 12","A"
"1035815","NEOSPORIN OINTMENT 10GM","OINT","2","0","0","0","0","90.8","181.6","123.38","94","0","GERMAN REMEDIES(ZYDUS CADILA)","","A"
"6T09926","NEOSPORIN POW. 10G","POW","2","0","0","0","0","78.8633","157.73","107.15","81.64","0","GSK","","A"
"ýKO4619","NEUROBION FORTE TAB 1*30","TAB","3","0","0","0","0","36.736","110.21","47.53","38.03","0","ABBOTT LABS INDIA PVT. LTD.","",""
"OS679","NICIP PLUS TAB 1*10","TAB","4.6","0","0","0","0","12.002","55.21","61.03","11.43","0","CIPLA","","A"
"ýKO5652","NICOTEX 2 1*10","TAB.","3","0","0","0","0","51.643","154.93","123.1","53.46","0","ZZZZZZ 9081","",""
"2671","NICOTEX 4 MG SUGARFREE 1X10","TAB","3","0","0","0","0","99.953","299.86","152.61","103.47","0","CIPLA","","A"
"1036822","NOORANI 100ML 100ML","OIL","2","0","0","0","0","64.345","128.69","117","111.43","0","GENERAL","",""
"1036820","NOORANI 20ML 20ML","OIL","2","0","0","0","0","20.62","41.24","37.5","35.71","0","GENERAL","",""
"ýKO5700","NOORANI OIL 200ML 200ML","OIL","2","0","0","0","0","113.305","226.61","206","196.19","0","ZZZZZZ 9081","",""
"JNU001","NOORANI TAIL 50ML 1*50ML","SYP","2","0","0","0","0","36.03","72.06","65.5","62.38","0","GENERAL","",""
"ýKO5176","NOORANI TEL 10ML","PCS","2","0","0","0","0","11.85","23.7","21.56","20.53","0","ZZZZZZ 9625","",""
"T14367","NORFLOX-400 TAB 1*10","TAB","2","0","0","0","0","66.577","133.15","88.53","67.45","0","CIPLA","","A"
"562","NORFLOX TZ 1*10","TAB","4.3","0","0","0","0","87.098","374.52","130.04","92.89","0","ZZZZZZ 6436","26/3/13NEW AJ10","A"
"S766","NOR-METROGYL SYP 30ML","SYP","2","0","0","0","0","42.805","85.61","58.11","44.31","0","LEKAR PHARMA","","A"
"1081278","NOVAMOX-250 1*15","CAP","5","0","0","0","0","28.7475","143.74","39.06","29.76","0","CIPLA","","A"
"ýKO5181","NURAMENT OIL 50ML","PCS","2","0","0","0","0","40.01","80.02","71","38.1","0","ZZZZZZ 9625","",""
"ýKO5182","NURAMENT OINT 10GM","[CS","2","0","0","0","0","18","36","28","17.14","0","ZZZZZZ 9625","",""
"JCO016","NURAMENT OINT 20GM","OINT","2","0","0","0","0","30","60","51.5","28.57","0","RAHAT INDUSTRIES (MAN.OF NOORANI TAIL)","","A"
"2041","NYCIL CLASSIC 50GM","POW","2","0","0","0","0","40.01","80.02","46.88","38.1","0","ZZZZZZ 6436","","1"
"C215","OCID 20MG CAP 1*15","CAP","3","0","0","0","0","47.313","141.94","64.28","48.98","0","CACHET","27/5/13AGARWA10","A"
"ýKO5705","ODOMAS LOTION 40ML 1*40ML","LOTI","3","0","0","0","0","16.01","48.03","22.25","15.25","0","ZZZZZZ 9081","",""
"2449","ODOMOS CREAM 25GM","CR","2","0","0","0","0","24.92","49.84","34","23.73","0","COSMETICS (BRYL)","","1"
"2450","ODOMOS CREAM 50GM","CR","2","0","0","0","0","48.94","97.88","65","46.61","0","COSMETICS (BRYL)","","1"
"1020218","OFLOX OZ TAB 1*10","TAB","3","0","0","0","0","151.903","455.71","220.15","157.25","0","CIPLA","25/2/12 ROUGH 5","A"
"C233","OMEZ 20MG CAP 1*15","CAP","5","0","0","0","0","48.0765","240.38","65.31","49.77","0","DR. REDDY'S","6/6/12 ROUGH 6","A"
"ýKO5603","OMEZ D CAP 1*15","CAP","1","0","0","0","0","170.437","170.44","247","176.44","0","ZZZZZZ 9081","",""
"ýKO5668","OMNACAOTIL 5MG 50*10","TAB.","5","0","0","0","0","5.714","28.57","7.23","5.79","0","ZZZZZZ 9081","",""
"T11578","OMNACORTIL 10MG TAB 1*10","TAB","5","0","0","0","0","10.106","50.53","13.66","10.24","0","MACLEODS","26/2LLJK SALE30","A"
"T11579","OMNACORTIL 20 TAB 1*10","TAB","5","0","0","0","0","20.224","101.12","27.32","20.49","0","MACLEODS","","A"
"ýKO3089","OMNACORTIL 30MG TAB 1*10","TAB","5","0","0","0","0","57.146","285.73","81.05","57.9","0","ZZZZZZ 9548","",""
"T11580","OMNACORTIL 40MG 1*10","TAB","5","0","0","0","0","28.74","143.7","36.39","29.12","0","MACLEODS","","A"
"ýKO4854","OMNI GEL 10GM","GEL","2","0","0","0","0","28.0033","56.01","65.3","26.67","0","INTAS","",""
"ýKO5584","OMNIGEL 20GM 20GM","GEL","3","0","0","0","0","47.9967","143.99","114.5","45.71","0","ZZZZZZ 9081","",""
"ýKO5586","OMNIGEL SPRAY 20GM 20GM","SPR","3","0","0","0","0","55","165","110","52.38","0","ZZZZZZ 9081","",""
"ýKO5585","OMNI SPRAY 78.6GM 78.6GM","SPRA","3","0","0","0","0","110","330","263","104.76","0","ZZZZZZ 9081","",""
"1079660","ONDEM-MD 4 1*10","TAB","6","0","0","0","0","43.47","260.82","58.51","45","0","ALKEM","30/6/12ROUGH 10","A"
"ýKO5685","ORAL B BRUSH 1*8","PCS","1","0","0","0","0","115.02","115.02","150","115","0","ZZZZZZ 9081","",""
"ýKO5719","ORS APPLE ORANGE DRINK 1*200ML","LIQ","10","0","0","0","0","23.184","231.84","31.5","24","0","ZZZZZZ 9081","",""
"ýKO5707","ORS SASTA POWDER 1 BOX","POW","1","0","0","0","0","100","100","1250","95.24","0","ZZZZZZ 9081","",""
"1022055","OTRIVIN ADULT 10ML","DROP","2","0","0","0","0","92.61","185.22","120.79","95.87","0","NOVARTIS","","A"
"1008149"," OTRIVIN  PED 1X1","TAB","2","0","0","0","0","34.29","68.58","44.73","35.5","0","NOVARTIS","",""
"ýKO3451","PAN 40 TAB 1*15","TAB","3.9","0","0","0","0","129.0375","503.25","175.31","133.58","0","ALKEM","",""
"ýKO4251","PAN D CAP 1X15","CAP","3","0","0","0","0","175.263","525.79","254","181.43","0","ZZZZZZ 6436","",""
"4128","PANTOP 40 TAB 1*15","TAB","4","0","0","0","0","117.2925","469.17","159.37","121.42","0","ARISTO","","A"
"1080167","PANTOP D CAP 1*10","CAP","1.4","0","0","0","0","134.543","188.36","182.81","139.28","0","ARISTO","12/11ROUGH 10","A"
"1035848","PANTOP DSR CAP 1*10","CAP","2","0","0","0","0","166.633","333.27","226.4","172.5","0","ARISTO","","A"
"ýKO5702","PANTOP IV 1*10","INJ","5","0","0","0","0","17.996","89.98","57.48","17.14","0","ZZZZZZ 9081","",""
"TI9911-58","PARACIP 500 TAB 1*10","TAB","58","0","0","0","0","7.004","406.23","10.3","6.67","0","CIPLA","","A"
"ýKO5139","PET SAFA CHURNA SMALL1*1 1*1","PCS","2","0","0","0","0","50","100","65","47.62","0","ZZZZZZ 9625","",""
"C20760","PILEX FORTE OINT 30G","OINT","2","0","0","0","0","100.045","200.09","135.94","103.57","0","HIMALAYA DRUGS","","A"
"T20761","PILEX TAB 1*60","TAB","2","0","0","0","0","172.21","344.42","250","178.27","0","HIMALAYA DRUGS","5/12/12 ROUGH 6","A"
"5895","PREGA NEWS 1*1","CARD","5","0","0","0","0","41.22","206.1","60","42.67","0","ZZZZZZ 6436","26/5/13SMIT P36",""
"ýKO2693","PROTINEX ORIGINAL 200GM","PCS","1","0","0","0","0","315.96","315.96","391.53","327.09","0","ZZZZZZ 6436","",""
"ýKO4656","PROTINEX TASTY CHOC. 250GM","PCS","1","0","0","0","0","280.1","280.1","347.03","289.96","0","SYSTOPIC","",""
"ýKO5662","PUDIN HARA CAPS 1*10","CAPS","7","0","0","0","0","21.998","153.99","35","20.95","0","ZZZZZZ 9081","",""
"ýKO5693","PUDIN HARA LIQUID 10ML","PCS","3","0","0","0","0","21.9967","65.99","30","20.95","0","ZZZZZZ 9081","",""
"ýKO5665","QUADIDERM BIG 10GM","PCS","3","0","0","0","0","114.5367","343.61","166","118.57","0","ZZZZZZ 9081","",""
"ýKO5664","QUADIDERM SMALL 5GM","PCS","3","0","0","0","0","61.41","184.23","89","63.57","0","ZZZZZZ 9081","",""
"9937","RANTAC 150 TAB 1*30","TAB","5","0","0","0","0","37.356","186.78","50.75","38.67","0","ZZZZZZ 6436","","R"
"17300","R.B.TONE SYP 200ML","SYP","2","0","0","0","0","135","270","204.84","128.57","0","MEDLEY","4/7/12 ROUGH 5","A"
"D24387","REFRESH TEARS E/D 10ML","E/D","1","0","0","0","0","106.355","106.36","140","107.76","0","ALLERGAN","26/5/13 ROUGH 2","A"
"ýKO5630","REVITAL MEN STRIP 1*10","CAPS","3","0","0","0","0","79.9967","239.99","120","76.19","0","ZZZZZZ 9081","",""
"6732","REVITAL WOMAN 1*30","TAB","1","0","0","0","0","260.001","260","400","247.62","0","ZZZZZZ 6436","","R"
"ýKO4707","REXCOF DX SYP 100ML","SYP","2","0","0","0","0","30","60","104.06","28.57","0","CIPLA","",""
"5052","RINIFOL CAP 1X10","CAP","5","0","0","0","0","72.142","360.71","98","74.68","0","ELAN PHARMA","","A"
"LRO001","ROGHAN BADAM SHIRIN 1*25ML","PCS","1","0","0","0","0","95","95","132","90.48","0","HAMDARD","",""
"JRO011","ROGHAN BADAM SHIRIN 1*50ML","PCS","1","0","0","0","0","184.99","184.99","254","176.19","197.24","HAMDARD","",""
"6073","ROSEDAY 20 TAB 1*10","TAB","2","0","0","0","0","313.165","626.33","416.44","317.29","0","ZZZZZZ 6436","","A"
"ýKO2148","ROSUVAS 10 TAB 1*10","TAB","2","0","0","0","0","257.39","514.78","345.94","263.58","0","RANBAXY","",""
"RP10","ROSUVAS 20 TAB 1*10","TAB","2","0","0","0","0","327.13","654.26","469","335","0","RANBAXY","26/3/13NEW AJ 6","A"
"JSA0029","SAFI SYP 100ML 100ML","SYP","1","0","0","0","0","48.6","48.6","64.28","64.28","0","HAMDARD","",""
"SSDI078","SAFI SYP 200ML 200ML","SYP","1","0","0","0","0","81","81","112.5","107.14","0","HAMDARD","",""
"T4917","SARIDON TAB 1*10","TAB","26.7","0","0","0","0","36.498","974.5","55","34.76","0","NICHOLAS PIRAMAL","",""
"ýKO5721","SAVLON LIQUID 1*50ML","LIQ","3","0","0","0","0","24.25","72.75","29","23.81","0","ZZZZZZ 9081","",""
"S3811","SAVLON LOTION 50ML","LOTI","2","0","0","0","0","26","52","27.19","24.76","0","JOHNSON & JOHNSON","",""
"WSAM749","SAVLON SOAP 75MG","PCS","5","0","0","0","0","26","130","32","24.76","0","COSMETICS ITEMS","","A"
"ýKO5683","SENSODYNE FRESH MINT 80GM","PCS","2","0","0","0","0","108.33","216.66","124.58","103.17","0","ZZZZZZ 9081","",""
"1005926","SEPTILIN SYP 200ML","SYP","2","0","0","0","0","165.605","331.21","225","171.43","0","HIMALAYA DRUGS","","A"
"1005925","SEPTILIN TAB 1*60","TAB","1","0","0","0","0","129.5","129.5","195.01","134.07","0","HIMALAYA DRUGS","","A"
"ýKO5615","SEPTRAN DS TAB 1*10","TAB.","6","0","0","0","0","20.653","123.92","26.21","19.67","0","ZZZZZZ 9081","",""
"T16119","SHELCAL 500 MG TAB 1*15","TAB","2","0","0","0","0","109.4355","218.87","148","113.29","0","ELDER","2/2/13 ROUGH 6","A"
"ýKO5725","SILICA NANO SHOT 4/5ML","DROP","8","0","0","0","0","29.925","239.4","58.75","30","0","ZZZZZZ 9081","",""
"5827","SILVEREX CREAM 10GM","CRM","3","0","0","0","0","84.87","254.61","123","87.86","0","ZZZZZZ 6436","","A"
"ýKO5655","SINAREST SYP 75ML","PCS","2","0","0","0","0","111.46","222.92","151.44","115.38","0","ZZZZZZ 9081","",""
"ýKO5656","SINAREST TAB 3*15","TAB.","3","0","0","0","0","90.9967","272.99","123.64","94.2","0","ZZZZZZ 9081","",""
"A9713","SITOPLADI-D CHURAN 60GM","BOTT","4","0","0","0","0","136.855","547.42","170","141.67","0","DABUR","",""
"ýKO5629","SOFRAMYCIN OINTMENT 20GM","OINT","3","0","0","0","0","40.0033","120.01","56.74","40.53","0","ZZZZZZ 9081","",""
"ýKO5646","SOLVIN COLD DROP 1PC","DROP","5","0","0","0","0","65.1267","325.63","88.5","67.42","0","ZZZZZZ 9081","",""
"ZZZ000071","SOLVIN COLD SYP 60ML","SYP","2","0","0","0","0","64.775","129.55","88","67.06","0","ZZZZZZ 6436","","S"
"ýKO4335","SOMPRAZ 40 TAB 1X10","TAB","2","0","0","0","0","125.55","251.1","180","128.57","0","ZZZZZZ 6436","",""
"1023959","SOMPRAZ D 40 CAP 1*15","CAP","2","0","0","0","0","195.3","390.6","262.5","200","0","SUN","5/5/12SACHDEV12","A"
"JSTS641","STAYFREE SECURE 7PC 7PCS","PCS","3","0","0","0","0","33.6","100.8","37","32","0","GENERAL","",""
"ýKO2918","STAYFREE SECURE XL WINGS 20S","PCS","3","0","0","0","0","78.7533","236.26","83","75","0","ZZZZZZ 6436","","S"
"ýKO5728","STERFEROL SACHET 1*1GM","SACH","20","0","0","0","0","13.965","279.3","35","14","0","ZZZZZZ 9081","",""
"ýKO5729","STERFLAM-P 1*10","TAB.","10","0","0","0","0","11.97","119.7","45","12","0","ZZZZZZ 9081","",""
"ýKO3161","STREPSILS JAR 110 UNIT 110PCS","JAR","0.44","0","0","0","0","335.0152","147.41","420","319.05","0","ZZZZZZ 9548","",""
"ýKO5654","SUMO TAB 1*15","TAB.","52","0","0","0","0","8.2303","427.98","11.18","8.52","0","ZZZZZZ 9081","",""
"JSU038","SUNSILK BLACK SHINE 180ML","PCS","2","0","0","0","0","141.91","283.82","158","139.33","0","GENERAL","",""
"1006927","T-98 125MG/5ML SYP 60ML","SUS","2","0","0","0","0","17.435","34.87","23.69","18.05","0","ARVIND PHARMA","","A"
"4720","T-98 DROPS 1*15ML","DROP","2","0","0","0","0","25.02","50.04","33.99","25.9","0","MANKIND","",""
"T8171","TAXIM O 200 TAB 1*10","TAB","4","0","0","0","0","78.2","312.8","111.39","80.95","0","ALKEM","26/5/13SMIT P 7","A"
"T8169","TAXIM-O SYP 30ML","SYP","2","0","0","0","0","38.345","76.69","55.57","39.69","0","ALKEM","","A"
"ýKO4455","TELMA 20 TAB 1*30","TAB","2","0","0","0","0","89.424","178.85","129.59","92.57","0","GLENMARK","",""
"ýKO5687","TELMA H 1*10","TAB.","2","0","0","0","0","253.58","507.16","376.5","262.5","0","ZZZZZZ 9081","",""
"ýKO4598","TELMIKIND 40 TAB 1*10","TAB","12","0","0","0","0","30.361","364.33","41.25","31.43","0","INTAS","",""
"ýKO4277","TELMIKIND CT 40 TAB 1*10","TAB","1","0","0","0","0","79.085","79.09","104.05","79.28","0","AKUMENTIS HEALTHCARE LTD.(9792373888JAYE","",""
"9569","TELMIKIND H TAB 1*10","TAB","1","0","0","0","0","68.45","68.45","93","70.86","0","MANKIND","","T"
"1008304","TELVAS 40 TAB 1*15","TAB","2","0","0","0","0","72.1155","144.23","100.9","73.07","0","ARISTO","","A"
"6329","THREPTIN BIS 275GM","PWD","1","0","0","0","0","341.04","341.04","453.5","345.53","0","RAPTAKOS","","T"
"ýKO3275","THREPTIN LITE BISCUITS 275GM","PCS","1","0","0","0","0","359.55","359.55","478","364.29","459","ZZZZZZ 9548","",""
"T11816","THYRONORM 100MG 1*100","TAB","3","0","0","0","0","124.27","372.81","168.82","128.64","0","BRIOCIA PHARMA(I) PVT LTD","","A"
"ýKO901","THYRONORM 125MG 1*100","TAB","2","0","0","0","0","159.45","318.9","216.63","165.06","0","BRIOCIA PHARMA(I) PVT LTD","","A"
"ýKO3594","THYRONORM 12.5 TAB 1*100","TAB","2","0","0","0","0","139.635","279.27","189.72","144.55","0","ZZZZZZ 9548","",""
"2775","THYRONORM 150 MCG 1X100","BOTT","2","0","0","0","0","160.39","320.78","217.91","166.03","0","ABBOTT LABS INDIA PVT. LTD.","","A"
"T11817","THYRONORM 25MG TAB 1*100","TAB","3","0","0","0","0","136.46","409.38","185.4","141.26","0","BRIOCIA PHARMA(I) PVT LTD","","A"
"ýKO5583","THYRONORM 37.5MG 1*100","TAB.","2","0","0","0","0","138.25","276.5","200.38","143.12","0","ZZZZZZ 9081","",""
"T19717","THYRONORM 50MG TAB 1*100","TAB","2","0","0","0","0","127.53","255.06","132.02","132.02","0","BRIOCIA PHARMA(I) PVT LTD","31/3/13 LLJK 6","A"
"ýKO3660","THYRONORM 62.5 TAB 1*100","TAB","2","0","0","0","0","151.88","303.76","206.37","157.23","0","ZZZZZZ 9548","",""
"754","THYRONORM 75 1X100","TAB","2","0","0","0","0","136.01","272.02","183.97","140.79","0","ZZZZZZ 6436","31/3/13 LLJK 3","A"
"S18672","TIXYLIX SYP 60ML","LIQ","2","0","0","0","0","93.94","187.88","127.64","97.25","0","M&B (NICHOLAS)","","A"
"1079519","T-MINIC DROP 15ML","DROP","2","0","0","0","0","81.02","162.04","105.68","83.87","0","NOVARTIS","","A"
"1022640","T-MINIC SYP 60ML","SYP","1","0","0","0","0","95.48","95.48","124.55","98.85","0","NOVARTIS","","A"
"235","TRAMADOL INJ 1","1PCS","3","0","0","0","0","73.92","221.76","100.44","76.52","0","ZZZZZZ 6436","","1"
"T27349","TRENAXA 500MG TAB 1*6","TAB","2","0","0","0","0","145.7502","291.5","198.03","150.88","0","MACLEODS","31/3/13 LLJK 10","A"
"T27351","TRENAXA MF TAB 1*6","TAB","2","0","0","0","0","404.0598","808.12","549","418.28","0","MACLEODS","","A"
"ýKO5647","ULTRACET TAB 1*10","TAB.","2","0","0","0","0","235.003","470.01","295.69","223.81","0","ZZZZZZ 9081","",""
"S1298","UNIENZYME SYP 200ML","SYP","2","0","0","0","0","75","150","159.05","71.43","0","UNICHEM","","A"
"1148","UNWANTED 72 1*1","TAB","5","0","0","0","0","28","140","75","28","0","MANKIND","27/4/13AGARWA12","1"
"ýKO5688","VASELINE 1*48","PCS","42","0","0","0","0","3.885","163.17","5","3.7","0","ZZZZZZ 9081","",""
"T9608","VASOGRAIN TAB 20*20","TAB","2","0","0","0","0","145.9","291.8","198.19","151.03","0","CADILA","","A"
"JVA012","VATIKA SHAMPOO 1*6.9ML","PCS","59","0","0","0","0","0.208","12.27","1","0.22","0","COSMETICS ITEMS","",""
"ýKO5627","VEET CREAM PINK 25GM","PCS","12","0","0","0","0","82.75","993","109","78.81","0","ZZZZZZ 9081","",""
"ýKO5618","VICKS 10GM 10GM","PCS","14","0","0","0","0","37.9993","531.99","45","36.19","0","ZZZZZZ 9081","",""
"ýKO5211","VICKS 25GM 1X30GM 25GM","TAB.","1","0","0","0","0","79.99","79.99","102","76.19","0","ZZZZZZ 9625","",""
"ýKO5669","VICKS 25 GM 25GM","PCS","2","0","0","0","0","80","160","102","76.19","0","ZZZZZZ 9081","",""
"ýKO5619","VICKS 50GM 50GM","PCS","2","0","0","0","0","155","310","199","147.62","0","ZZZZZZ 9081","",""
"ýKO5620","VICKS 5 GM 5GM","PCS","13","0","0","0","0","17.6613","229.6","23","16.82","0","ZZZZZZ 9081","",""
"1081461","VICKS ACTION 500TAB 1*10","TAB","4.4","0","0","0","0","45.004","198.02","64","42.86","0","PROCTER & GAMBLE","",""
"JVI004","VICKS INHALLER 0.5ML","INH","4","0","0","0","0","50","200","64","47.62","0","PROCTER & GAMBLE","",""
"JVIS147","VICKS JAR 120+10","PCS","1","0","0","0","0","180.01","180.01","230","171.43","0","PROCTER & GAMBLE","",""
"ýKO5590","VOLINIGEL 10GM 10GM","GEL","2","0","0","0","0","40.06","80.12","54","41.47","0","ZZZZZZ 9081","",""
"ýKO5589","VOLINIGEL 20GM 20GM","GEL","2","0","0","0","0","75.96","151.92","103.13","78.63","0","ZZZZZZ 9081","",""
"ýKO3808","VOLINI SPRAY 15ML","PCS","1","0","0","0","0","57.285","57.29","83","59.3","0","ZZZZZZ 9548","",""
"T8862","VOLINI SPRAY 40ML","SPRY","2","0","0","0","0","128.805","257.61","187","133.34","0","RANBAXY CROSSLAND","",""
"5238","VOMIKIND-MD 4 TAB 1X10","TABS","4","0","0","0","0","35.413","141.65","51.32","36.66","0","MANKIND","","A"
"T5315","VOVERAN D TAB 1*10","TAB","2.9","0","0","0","0","15.744","45.66","22.38","16.3","0","NOVARTIS/CIBA","","A"
"I5308","VOVERAN INJ 1*3ML","INJ","10","0","0","0","0","26.913","269.13","39","27.86","0","NOVARTIS/CIBA","",""
"ýKO5689","VOVERAN INJECTION 1*3ML","AMP","10","0","0","0","0","26.913","269.13","39","27.86","0","ZZZZZZ 9081","",""
"ýKO1249","V WASH 100ML","PCS","1","0","0","0","0","124.58","124.58","200","118.64","0","GLENMARK","","V"
"ýKO5194","V WASH 20ML","PPCS","2","0","0","0","0","34.7","69.4","50","33.05","0","ZZZZZZ 9625","",""
"ýKO5622","WHISPER CHOICE WINGS 7S 1*6","PCS","3","0","0","0","0","33.6","100.8","37","32","0","ZZZZZZ 9081","",""
"ýKO5621","WHISPER CHOICE XL6 6 PCS","PCS","2","0","0","0","0","39.9","79.8","45","38","0","ZZZZZZ 9081","",""
"^XR047","WHISPER ULTRA XLN 7S*60 7S*60","PCS","3","0","0","0","0","89.2533","267.76","95","85","0","GENERAL","",""
"8450","WYSOLONE 10MG TAB 1*15","TAB","8","0","0","0","0","15.087","120.7","19.02","15.62","0","WYETH LEDERLE","","W"
"T11589","WYSOLONE 5MG TAB 1*15","TAB","8","0","0","0","0","8.568","68.54","11.54","8.87","0","WYETH LEDERLE","","A"
"ýKO5632","ZANDU BALM 8ML 8ML","PCS","2","0","0","0","0","38","76","43","36.19","0","ZZZZZZ 9081","",""
"ýKO4542","ZANDU BALM ULTRA 8GM","PCS","2","0","0","0","0","42","84","48","40","0","INTAS","",""
"ýKO5673","ZANDU KESARI 1KG","PCS","1","0","0","0","0","693.02","693.02","816","660.02","0","ZZZZZZ 9081","",""
"ýKO5483","ZANDU NITYAM 1*10","TAB.","2","0","0","0","0","32","64","42","30.48","0","ZZZZZZ 8973","",""
"SBRS502","ZANDU PANCHARISHTA 450ML","SYP","1","0","0","0","0","119.99","119.99","150","124.22","0","ZANDU","",""
"T14565","ZENFLOX 200MG TAB 1*10","TAB","2","0","0","0","0","62.615","125.23","90.75","64.82","0","MANKIND","","A"
"T14566","ZENFLOX 400MG TAB 1*10","TAB","2","0","0","0","0","114.525","229.05","154.69","118.56","0","MANKIND","","A"
"S19205","ZENTEL SUSP. 10ML","SYP","3","0","0","0","0","14.0633","42.19","19.11","14.56","0","GSK","30/6/12ROUGH 10","A"
"ýKO5640","ZENTEL TAB 1*10","TAB.","1","0","0","0","0","63.82","63.82","92.5","66.07","0","ZZZZZZ 9081","",""
"1001256","ZERODOL P TAB 1X10","TAB","4.6","0","0","0","0","55.892","257.1","81","57.86","0","IPCA","","A"
"1079085","ZERODOL SP TAB 1*10","TAB","4","0","0","0","0","102.83","411.32","149","106.45","0","IPCA","15/3/13 ROUGH 5","A"
"T9911-59","ZIFI 100 SYP 30ML","SYP","2","0","0","0","0","56.345","112.69","81.65","58.33","0","FDC","","A"
"T8182","ZIFI 200MG TAB 1*10","TAB","3.8","0","0","0","0","76.893","292.19","111.43","79.6","0","FDC","","A"
"ýKO405","ZIFI 50 SYP 30ML","SYP","2","0","0","0","0","38.435","76.87","55.7","39.79","0","FDC","","A"
"1077790","ZINCOVIT SYP 200ML","SYP","2","0","0","0","0","117.88","235.76","160","122.03","0","APEX LAB","",""